uri1,uri2,sim,PLDSD,LDSD
http://dbpedia.org/resource/Dead_Man_Walking_(film),http://dbpedia.org/resource/%22Crocodile%22_Dundee,LDSD,0,0.4299354826803995
http://dbpedia.org/resource/Dead_Man_Walking_(film),http://dbpedia.org/resource/%22Crocodile%22_Dundee_II,LDSD,0.02516580993247597,0.44481000254463987
http://dbpedia.org/resource/Dead_Man_Walking_(film),http://dbpedia.org/resource/%25C2%25A1Three_Amigos!,LDSD,0,0
http://dbpedia.org/resource/Dead_Man_Walking_(film),http://dbpedia.org/resource/'Til_There_Was_You,LDSD,0.024446326594671164,0.6633421227731789
http://dbpedia.org/resource/Dead_Man_Walking_(film),"http://dbpedia.org/resource/'night,_Mother_(film)",LDSD,0.04772592952904109,0.6642666309968319
http://dbpedia.org/resource/Dead_Man_Walking_(film),http://dbpedia.org/resource/...And_Justice_for_All_(film),LDSD,0.07057438030192176,0.7230547406880743
http://dbpedia.org/resource/Dead_Man_Walking_(film),http://dbpedia.org/resource/1-900_(film),LDSD,0,0.5461782978705194
http://dbpedia.org/resource/Dead_Man_Walking_(film),http://dbpedia.org/resource/101_Dalmatians_(1996_film),LDSD,0.0484114966246042,0.6715422459577751
http://dbpedia.org/resource/Dead_Man_Walking_(film),http://dbpedia.org/resource/10_Things_I_Hate_About_You,LDSD,0.024446326594671164,0.6271101740215066
http://dbpedia.org/resource/Dead_Man_Walking_(film),http://dbpedia.org/resource/12_Angry_Men_(1957_film),LDSD,0.07057438030192176,0.7270845877622979
http://dbpedia.org/resource/Dead_Man_Walking_(film),http://dbpedia.org/resource/12_Monkeys,LDSD,0.09172839576210434,0.725055833752017
http://dbpedia.org/resource/Dead_Man_Walking_(film),http://dbpedia.org/resource/2001:_A_Space_Odyssey_(film),LDSD,0.024446326594671164,0.5851018376098992
http://dbpedia.org/resource/Dead_Man_Walking_(film),http://dbpedia.org/resource/200_Cigarettes,LDSD,0.05386066031593195,0.6972225677713046
http://dbpedia.org/resource/Dead_Man_Walking_(film),http://dbpedia.org/resource/2010_(film),LDSD,0.0484114966246042,0.6806384597184426
http://dbpedia.org/resource/Dead_Man_Walking_(film),http://dbpedia.org/resource/20_Dates,LDSD,0.024446326594671164,0.6462080579422711
http://dbpedia.org/resource/Dead_Man_Walking_(film),http://dbpedia.org/resource/20th_Century_(film),LDSD,0,0
http://dbpedia.org/resource/Dead_Man_Walking_(film),http://dbpedia.org/resource/28_Days_(film),LDSD,0.0484114966246042,0.689406035285266
http://dbpedia.org/resource/Dead_Man_Walking_(film),http://dbpedia.org/resource/2_Days_in_the_Valley,LDSD,0.0484114966246042,0.6801149422458452
http://dbpedia.org/resource/Dead_Man_Walking_(film),http://dbpedia.org/resource/3_Ninjas:_High_Noon_at_Mega_Mountain,LDSD,0.02516580993247597,0.5123462282578504
http://dbpedia.org/resource/Dead_Man_Walking_(film),http://dbpedia.org/resource/3_Strikes_(film),LDSD,0.0484114966246042,0.674264188366388
http://dbpedia.org/resource/Dead_Man_Walking_(film),http://dbpedia.org/resource/52_Pick-Up,LDSD,0.0484114966246042,0.6716781360177693
http://dbpedia.org/resource/Dead_Man_Walking_(film),http://dbpedia.org/resource/54_(film),LDSD,0.0484114966246042,0.6833986453117976
http://dbpedia.org/resource/Dead_Man_Walking_(film),http://dbpedia.org/resource/8_Heads_in_a_Duffel_Bag,LDSD,0.0484114966246042,0.6927606069313026
http://dbpedia.org/resource/Dead_Man_Walking_(film),http://dbpedia.org/resource/8_Seconds,LDSD,0.0484114966246042,0.6905478995711649
http://dbpedia.org/resource/Dead_Man_Walking_(film),http://dbpedia.org/resource/8mm_(film),LDSD,0.04772592952904109,0.6700931980505681
http://dbpedia.org/resource/Dead_Man_Walking_(film),http://dbpedia.org/resource/A_Beautiful_Mind_(film),LDSD,0.05305721512106365,0.7968755671536251
http://dbpedia.org/resource/Dead_Man_Walking_(film),http://dbpedia.org/resource/A_Boy_Called_Hate,LDSD,0.024446326594671164,0.6249207245689972
http://dbpedia.org/resource/Dead_Man_Walking_(film),http://dbpedia.org/resource/A_Bronx_Tale,LDSD,0.02516580993247597,0.6849415265407861
http://dbpedia.org/resource/Dead_Man_Walking_(film),http://dbpedia.org/resource/A_Bug's_Life,LDSD,0.0484114966246042,0.7227650234789712
http://dbpedia.org/resource/Dead_Man_Walking_(film),http://dbpedia.org/resource/A_Century_of_Cinema,LDSD,0,0.5622831537323174
http://dbpedia.org/resource/Dead_Man_Walking_(film),http://dbpedia.org/resource/A_Chef_in_Love,LDSD,0,0.5635499222759133
http://dbpedia.org/resource/Dead_Man_Walking_(film),http://dbpedia.org/resource/A_Christmas_Carol_(2009_film),LDSD,0.0484114966246042,0.7068643206549385
http://dbpedia.org/resource/Dead_Man_Walking_(film),http://dbpedia.org/resource/A_Christmas_Story,LDSD,0.0484114966246042,0.6896442010287834
http://dbpedia.org/resource/Dead_Man_Walking_(film),http://dbpedia.org/resource/A_Civil_Action_(film),LDSD,0.09172839576210434,0.732704886192534
http://dbpedia.org/resource/Dead_Man_Walking_(film),http://dbpedia.org/resource/A_Clockwork_Orange_(film),LDSD,0.024446326594671164,0.671110215451479
http://dbpedia.org/resource/Dead_Man_Walking_(film),http://dbpedia.org/resource/A_Close_Shave,LDSD,0,0.5907599520293452
http://dbpedia.org/resource/Dead_Man_Walking_(film),"http://dbpedia.org/resource/A_Cool,_Dry_Place",LDSD,0.024446326594671164,0.5776805361597992
http://dbpedia.org/resource/Dead_Man_Walking_(film),http://dbpedia.org/resource/A_Couch_in_New_York,LDSD,0.024446326594671164,0.6007231469273145
http://dbpedia.org/resource/Dead_Man_Walking_(film),http://dbpedia.org/resource/A_Damsel_in_Distress_(film),LDSD,0,0.15622201669543045
http://dbpedia.org/resource/Dead_Man_Walking_(film),http://dbpedia.org/resource/A_Dog's_Life_(1950_film),LDSD,0,0.5461782978705194
http://dbpedia.org/resource/Dead_Man_Walking_(film),http://dbpedia.org/resource/A_Dog_of_Flanders_(1999_film),LDSD,0.024446326594671164,0.6121624021856424
http://dbpedia.org/resource/Dead_Man_Walking_(film),http://dbpedia.org/resource/A_Face_in_the_Crowd_(film),LDSD,0.04772592952904109,0.6459065151226635
http://dbpedia.org/resource/Dead_Man_Walking_(film),http://dbpedia.org/resource/A_Family_Thing,LDSD,0.024446326594671164,0.4959953200803767
http://dbpedia.org/resource/Dead_Man_Walking_(film),http://dbpedia.org/resource/A_Far_Off_Place,LDSD,0.02516580993247597,0.6474826662384272
http://dbpedia.org/resource/Dead_Man_Walking_(film),http://dbpedia.org/resource/A_Few_Good_Men,LDSD,0.09110384344595568,0.7513454636122778
http://dbpedia.org/resource/Dead_Man_Walking_(film),http://dbpedia.org/resource/A_Fish_Called_Wanda,LDSD,0.04772592952904109,0.6963351773180753
http://dbpedia.org/resource/Dead_Man_Walking_(film),http://dbpedia.org/resource/A_Fistful_of_Dollars,LDSD,0,0.5779838298437174
http://dbpedia.org/resource/Dead_Man_Walking_(film),http://dbpedia.org/resource/A_Further_Gesture,LDSD,0,0.5621409094779242
http://dbpedia.org/resource/Dead_Man_Walking_(film),http://dbpedia.org/resource/A_Good_Man_in_Africa,LDSD,0.05528853191611083,0.6706091296241095
http://dbpedia.org/resource/Dead_Man_Walking_(film),http://dbpedia.org/resource/A_Goofy_Movie,LDSD,0.02516580993247597,0.6672276231422526
http://dbpedia.org/resource/Dead_Man_Walking_(film),http://dbpedia.org/resource/A_Grand_Day_Out,LDSD,0,0.5635174231761004
http://dbpedia.org/resource/Dead_Man_Walking_(film),http://dbpedia.org/resource/A_Great_Day_in_Harlem_(film),LDSD,0.04772592952904109,0.6417971018837367
http://dbpedia.org/resource/Dead_Man_Walking_(film),http://dbpedia.org/resource/A_Hard_Day's_Night_(film),LDSD,0.02516580993247597,0.665752226620128
http://dbpedia.org/resource/Dead_Man_Walking_(film),http://dbpedia.org/resource/A_Hungarian_Fairy_Tale,LDSD,0,0.5461782978705194
http://dbpedia.org/resource/Dead_Man_Walking_(film),http://dbpedia.org/resource/A_Kid_in_King_Arthur's_Court,LDSD,0.02516580993247597,0.6596892854567256
http://dbpedia.org/resource/Dead_Man_Walking_(film),http://dbpedia.org/resource/A_King_in_New_York,LDSD,0.0007559801240815123,0.6066369613247806
http://dbpedia.org/resource/Dead_Man_Walking_(film),http://dbpedia.org/resource/A_League_of_Their_Own,LDSD,0.0484114966246042,0.6883912378347246
http://dbpedia.org/resource/Dead_Man_Walking_(film),http://dbpedia.org/resource/A_Letter_from_Death_Row_(film),LDSD,0.024446326594671164,0.6121624021856424
http://dbpedia.org/resource/Dead_Man_Walking_(film),http://dbpedia.org/resource/A_Life_Less_Ordinary,LDSD,0.07057438030192176,0.7169242933316933
http://dbpedia.org/resource/Dead_Man_Walking_(film),http://dbpedia.org/resource/A_Low_Down_Dirty_Shame,LDSD,0.0484114966246042,0.6466596583192337
http://dbpedia.org/resource/Dead_Man_Walking_(film),http://dbpedia.org/resource/A_Man_for_All_Seasons_(1966_film),LDSD,0.04772592952904109,0.7286535374763611
http://dbpedia.org/resource/Dead_Man_Walking_(film),http://dbpedia.org/resource/A_Man_of_No_Importance_(film),LDSD,0.024446326594671164,0.6241911109466016
http://dbpedia.org/resource/Dead_Man_Walking_(film),http://dbpedia.org/resource/A_Map_of_the_World_(film),LDSD,0,0.5935856831252808
http://dbpedia.org/resource/Dead_Man_Walking_(film),http://dbpedia.org/resource/A_Matter_of_Loaf_and_Death,LDSD,0.024446326594671164,0.35475608858770025
http://dbpedia.org/resource/Dead_Man_Walking_(film),http://dbpedia.org/resource/A_Midsummer_Night's_Dream_(1999_film),LDSD,0.02516580993247597,0.6868673230842184
http://dbpedia.org/resource/Dead_Man_Walking_(film),http://dbpedia.org/resource/A_Month_by_the_Lake,LDSD,0.07057438030192176,0.6811166333799339
http://dbpedia.org/resource/Dead_Man_Walking_(film),http://dbpedia.org/resource/A_Night_at_the_Roxbury,LDSD,0.0484114966246042,0.6681954244126452
http://dbpedia.org/resource/Dead_Man_Walking_(film),http://dbpedia.org/resource/A_Night_to_Remember_(1958_film),LDSD,0.04772592952904109,0.6416648587119501
http://dbpedia.org/resource/Dead_Man_Walking_(film),http://dbpedia.org/resource/A_Nightmare_on_Elm_Street_(2010_film),LDSD,0.02516580993247597,0.6677389088182477
http://dbpedia.org/resource/Dead_Man_Walking_(film),http://dbpedia.org/resource/A_Nightmare_on_Elm_Street_2:_Freddy's_Revenge,LDSD,0.04772592952904109,0.5267909528250705
http://dbpedia.org/resource/Dead_Man_Walking_(film),http://dbpedia.org/resource/A_Nightmare_on_Elm_Street_3:_Dream_Warriors,LDSD,0.0484114966246042,0.5762596436431904
http://dbpedia.org/resource/Dead_Man_Walking_(film),http://dbpedia.org/resource/A_Nightmare_on_Elm_Street_4:_The_Dream_Master,LDSD,0.0484114966246042,0.572003558729004
http://dbpedia.org/resource/Dead_Man_Walking_(film),http://dbpedia.org/resource/A_Nightmare_on_Elm_Street_5:_The_Dream_Child,LDSD,0.0484114966246042,0.5621462912621757
http://dbpedia.org/resource/Dead_Man_Walking_(film),http://dbpedia.org/resource/A_Perfect_World,LDSD,0.09110384344595568,0.7152037006576033
http://dbpedia.org/resource/Dead_Man_Walking_(film),http://dbpedia.org/resource/A_Place_in_the_Sun_(film),LDSD,0.024446326594671164,0.7346339476484682
http://dbpedia.org/resource/Dead_Man_Walking_(film),http://dbpedia.org/resource/A_Price_Above_Rubies,LDSD,0.0484114966246042,0.6821401307998325
http://dbpedia.org/resource/Dead_Man_Walking_(film),http://dbpedia.org/resource/A_Pyromaniac's_Love_Story,LDSD,0.0484114966246042,0.664684764508734
http://dbpedia.org/resource/Dead_Man_Walking_(film),http://dbpedia.org/resource/A_Raisin_in_the_Sun_(1961_film),LDSD,0.04772592952904109,0.6755510767662543
http://dbpedia.org/resource/Dead_Man_Walking_(film),http://dbpedia.org/resource/A_River_Runs_Through_It_(film),LDSD,0.024446326594671164,0.6394703293406965
http://dbpedia.org/resource/Dead_Man_Walking_(film),http://dbpedia.org/resource/A_Simple_Plan_(film),LDSD,0.09172839576210434,0.7440481962530263
http://dbpedia.org/resource/Dead_Man_Walking_(film),http://dbpedia.org/resource/A_Simple_Twist_of_Fate,LDSD,0.024446326594671164,0.6379551167748032
http://dbpedia.org/resource/Dead_Man_Walking_(film),http://dbpedia.org/resource/A_Simple_Wish,LDSD,0.0484114966246042,0.6792958690030699
http://dbpedia.org/resource/Dead_Man_Walking_(film),http://dbpedia.org/resource/A_Smile_Like_Yours,LDSD,0.024446326594671164,0.6232764933096484
http://dbpedia.org/resource/Dead_Man_Walking_(film),http://dbpedia.org/resource/A_Soldier's_Daughter_Never_Cries_(film),LDSD,0.0007559801240815123,0.6486855029619927
http://dbpedia.org/resource/Dead_Man_Walking_(film),http://dbpedia.org/resource/A_Soldier's_Story,LDSD,0.07057438030192176,0.6982876634825002
http://dbpedia.org/resource/Dead_Man_Walking_(film),http://dbpedia.org/resource/A_Streetcar_Named_Desire_(1951_film),LDSD,0.11134384133502995,0.7841686501012548
http://dbpedia.org/resource/Dead_Man_Walking_(film),http://dbpedia.org/resource/A_Thin_Line_Between_Love_and_Hate,LDSD,0.04772592952904109,0.4887314035970296
http://dbpedia.org/resource/Dead_Man_Walking_(film),http://dbpedia.org/resource/A_Thousand_Acres_(film),LDSD,0.07057438030192176,0.7229271159156652
http://dbpedia.org/resource/Dead_Man_Walking_(film),http://dbpedia.org/resource/A_Time_to_Kill_(1996_film),LDSD,0.1312733709636219,0.7364857958715275
http://dbpedia.org/resource/Dead_Man_Walking_(film),http://dbpedia.org/resource/A_Touch_of_Class_(film),LDSD,0.04772592952904109,0.721059067338947
http://dbpedia.org/resource/Dead_Man_Walking_(film),http://dbpedia.org/resource/A_Very_Brady_Sequel,LDSD,0.02516580993247597,0.6474826662384272
http://dbpedia.org/resource/Dead_Man_Walking_(film),http://dbpedia.org/resource/A_Very_Natural_Thing,LDSD,0.0484114966246042,0.6475777847573183
http://dbpedia.org/resource/Dead_Man_Walking_(film),http://dbpedia.org/resource/A_View_to_a_Kill,LDSD,0.024446326594671164,0.6330757913979216
http://dbpedia.org/resource/Dead_Man_Walking_(film),http://dbpedia.org/resource/A_Walk_in_the_Clouds,LDSD,0.07057438030192176,0.7361799702476222
http://dbpedia.org/resource/Dead_Man_Walking_(film),http://dbpedia.org/resource/A_Walk_on_the_Moon,LDSD,0.02516580993247597,0.6398117866534416
http://dbpedia.org/resource/Dead_Man_Walking_(film),http://dbpedia.org/resource/A_Woman_of_Paris,LDSD,0.024446326594671164,0.6347575794282234
http://dbpedia.org/resource/Dead_Man_Walking_(film),http://dbpedia.org/resource/A_Zed_&_Two_Noughts,LDSD,0,0.5783337776096424
http://dbpedia.org/resource/Dead_Man_Walking_(film),http://dbpedia.org/resource/Abbott_and_Costello_Meet_Frankenstein,LDSD,0.0484114966246042,0.5299201457775423
http://dbpedia.org/resource/Dead_Man_Walking_(film),http://dbpedia.org/resource/About_Adam,LDSD,0.024446326594671164,0.6131317125193239
http://dbpedia.org/resource/Dead_Man_Walking_(film),http://dbpedia.org/resource/About_Last_Night_(1986_film),LDSD,0.0484114966246042,0.6554025925859694
http://dbpedia.org/resource/Dead_Man_Walking_(film),http://dbpedia.org/resource/Above_the_Rim,LDSD,0.0484114966246042,0.6648317404678483
http://dbpedia.org/resource/Dead_Man_Walking_(film),http://dbpedia.org/resource/Absolute_Power_(film),LDSD,0.0484114966246042,0.6754097842949975
http://dbpedia.org/resource/Dead_Man_Walking_(film),http://dbpedia.org/resource/Ace_Ventura:_Pet_Detective,LDSD,0.04772592952904109,0.5582985082844265
http://dbpedia.org/resource/Dead_Man_Walking_(film),http://dbpedia.org/resource/Ace_Ventura:_When_Nature_Calls,LDSD,0.07057438030192176,0.6416731177172234
http://dbpedia.org/resource/Dead_Man_Walking_(film),http://dbpedia.org/resource/Ace_in_the_Hole_(film),LDSD,0,0.08063243466939474
http://dbpedia.org/resource/Dead_Man_Walking_(film),http://dbpedia.org/resource/Aces:_Iron_Eagle_III,LDSD,0.04772592952904109,0.5432327512916024
http://dbpedia.org/resource/Dead_Man_Walking_(film),http://dbpedia.org/resource/Action_Jackson_(1988_film),LDSD,0.0484114966246042,0.5283231806706873
http://dbpedia.org/resource/Dead_Man_Walking_(film),http://dbpedia.org/resource/Addams_Family_Reunion,LDSD,0.024446326594671164,0.46808463418847746
http://dbpedia.org/resource/Dead_Man_Walking_(film),http://dbpedia.org/resource/Addams_Family_Values,LDSD,0.02516580993247597,0.5319338364129542
http://dbpedia.org/resource/Dead_Man_Walking_(film),http://dbpedia.org/resource/Addicted_to_Love_(film),LDSD,0.02516580993247597,0.6606108536120432
http://dbpedia.org/resource/Dead_Man_Walking_(film),http://dbpedia.org/resource/Addiction_(film),LDSD,0,0.5461782978705194
http://dbpedia.org/resource/Dead_Man_Walking_(film),http://dbpedia.org/resource/Adrenalin:_Fear_the_Rush,LDSD,0.024446326594671164,0.4666160959499148
http://dbpedia.org/resource/Dead_Man_Walking_(film),http://dbpedia.org/resource/Adventures_in_Babysitting,LDSD,0.024446326594671164,0.6277020354823167
http://dbpedia.org/resource/Dead_Man_Walking_(film),http://dbpedia.org/resource/Affliction_(film),LDSD,0.09110384344595568,0.7675519708534593
http://dbpedia.org/resource/Dead_Man_Walking_(film),http://dbpedia.org/resource/After_Life_(film),LDSD,0,0.5948375603290705
http://dbpedia.org/resource/Dead_Man_Walking_(film),http://dbpedia.org/resource/Afterglow_(film),LDSD,0.04772592952904109,0.6761497374268706
http://dbpedia.org/resource/Dead_Man_Walking_(film),http://dbpedia.org/resource/Against_All_Odds_(film),LDSD,0.0484114966246042,0.6742769214377147
http://dbpedia.org/resource/Dead_Man_Walking_(film),http://dbpedia.org/resource/Agnes_Browne,LDSD,0.04772592952904109,0.6108274671417071
http://dbpedia.org/resource/Dead_Man_Walking_(film),http://dbpedia.org/resource/Agnes_of_God_(film),LDSD,0.0484114966246042,0.70617195496594
http://dbpedia.org/resource/Dead_Man_Walking_(film),http://dbpedia.org/resource/Air_America_(film),LDSD,0.05237832804162912,0.7017293510388997
http://dbpedia.org/resource/Dead_Man_Walking_(film),http://dbpedia.org/resource/Air_Bud,LDSD,0.02516580993247597,0.6302488560053725
http://dbpedia.org/resource/Dead_Man_Walking_(film),http://dbpedia.org/resource/Air_Bud:_Golden_Receiver,LDSD,0.02516580993247597,0.5188201599532658
http://dbpedia.org/resource/Dead_Man_Walking_(film),http://dbpedia.org/resource/Airplane!,LDSD,0.0484114966246042,0.6896043198137369
http://dbpedia.org/resource/Dead_Man_Walking_(film),http://dbpedia.org/resource/Airport_'77,LDSD,0.0484114966246042,0.6763638933812244
http://dbpedia.org/resource/Dead_Man_Walking_(film),http://dbpedia.org/resource/Airport_(1970_film),LDSD,0.0484114966246042,0.6895376881625264
http://dbpedia.org/resource/Leaving_Las_Vegas,http://dbpedia.org/resource/%22Crocodile%22_Dundee,LDSD,0,0.49831075712346906
http://dbpedia.org/resource/Leaving_Las_Vegas,http://dbpedia.org/resource/%22Crocodile%22_Dundee_II,LDSD,0.026255699009843703,0.43679814283813323
http://dbpedia.org/resource/Leaving_Las_Vegas,http://dbpedia.org/resource/%25C2%25A1Three_Amigos!,LDSD,0,0
http://dbpedia.org/resource/Leaving_Las_Vegas,http://dbpedia.org/resource/'Til_There_Was_You,LDSD,0.02553782416590389,0.6723927779089075
http://dbpedia.org/resource/Leaving_Las_Vegas,"http://dbpedia.org/resource/'night,_Mother_(film)",LDSD,0.04980376845032375,0.6709103649792164
http://dbpedia.org/resource/Leaving_Las_Vegas,http://dbpedia.org/resource/...And_Justice_for_All_(film),LDSD,0.026255699009843703,0.686148900592503
http://dbpedia.org/resource/Leaving_Las_Vegas,http://dbpedia.org/resource/1-900_(film),LDSD,0,0.5527173663783174
http://dbpedia.org/resource/Leaving_Las_Vegas,http://dbpedia.org/resource/101_Dalmatians_(1996_film),LDSD,0.026255699009843703,0.6322538748613566
http://dbpedia.org/resource/Leaving_Las_Vegas,http://dbpedia.org/resource/10_Things_I_Hate_About_You,LDSD,0,0.6392382995446073
http://dbpedia.org/resource/Leaving_Las_Vegas,http://dbpedia.org/resource/12_Angry_Men_(1957_film),LDSD,0.05519375368668933,0.7511667028423501
http://dbpedia.org/resource/Leaving_Las_Vegas,http://dbpedia.org/resource/12_Monkeys,LDSD,0.05048634810057884,0.691241354127476
http://dbpedia.org/resource/Leaving_Las_Vegas,http://dbpedia.org/resource/2001:_A_Space_Odyssey_(film),LDSD,0.02553782416590389,0.6127865832773948
http://dbpedia.org/resource/Leaving_Las_Vegas,http://dbpedia.org/resource/200_Cigarettes,LDSD,0.026255699009843703,0.6329993351465303
http://dbpedia.org/resource/Leaving_Las_Vegas,http://dbpedia.org/resource/2010_(film),LDSD,0.026255699009843703,0.6738848779928028
http://dbpedia.org/resource/Leaving_Las_Vegas,http://dbpedia.org/resource/20_Dates,LDSD,0,0.6174154553824613
http://dbpedia.org/resource/Leaving_Las_Vegas,http://dbpedia.org/resource/20th_Century_(film),LDSD,0,0
http://dbpedia.org/resource/Leaving_Las_Vegas,http://dbpedia.org/resource/28_Days_(film),LDSD,0.0557065643715674,0.7318112670680135
http://dbpedia.org/resource/Leaving_Las_Vegas,http://dbpedia.org/resource/2_Days_in_the_Valley,LDSD,0.02779751041032008,0.7141820951200364
http://dbpedia.org/resource/Leaving_Las_Vegas,http://dbpedia.org/resource/3_Ninjas:_High_Noon_at_Mega_Mountain,LDSD,0.0007559801240815123,0.4442782616778309
http://dbpedia.org/resource/Leaving_Las_Vegas,http://dbpedia.org/resource/3_Strikes_(film),LDSD,0.05048634810057884,0.678995376286835
http://dbpedia.org/resource/Leaving_Las_Vegas,http://dbpedia.org/resource/52_Pick-Up,LDSD,0.026255699009843703,0.6491437648447338
http://dbpedia.org/resource/Leaving_Las_Vegas,http://dbpedia.org/resource/54_(film),LDSD,0.05048634810057884,0.6839737897849348
http://dbpedia.org/resource/Leaving_Las_Vegas,http://dbpedia.org/resource/8_Heads_in_a_Duffel_Bag,LDSD,0.026255699009843703,0.6491437648447338
http://dbpedia.org/resource/Leaving_Las_Vegas,http://dbpedia.org/resource/8_Seconds,LDSD,0.026255699009843703,0.6329993351465303
http://dbpedia.org/resource/Leaving_Las_Vegas,http://dbpedia.org/resource/8mm_(film),LDSD,0.029023528770568685,0.7076946517692515
http://dbpedia.org/resource/Leaving_Las_Vegas,http://dbpedia.org/resource/A_Beautiful_Mind_(film),LDSD,0.05048634810057884,0.8245790269867913
http://dbpedia.org/resource/Leaving_Las_Vegas,http://dbpedia.org/resource/A_Boy_Called_Hate,LDSD,0.02553782416590389,0.6198039118155594
http://dbpedia.org/resource/Leaving_Las_Vegas,http://dbpedia.org/resource/A_Bronx_Tale,LDSD,0.0007559801240815123,0.6616588182769616
http://dbpedia.org/resource/Leaving_Las_Vegas,http://dbpedia.org/resource/A_Bug's_Life,LDSD,0.026255699009843703,0.7008454091927843
http://dbpedia.org/resource/Leaving_Las_Vegas,http://dbpedia.org/resource/A_Century_of_Cinema,LDSD,0,0.5559154617556494
http://dbpedia.org/resource/Leaving_Las_Vegas,http://dbpedia.org/resource/A_Chef_in_Love,LDSD,0.02553782416590389,0.5965478539073521
http://dbpedia.org/resource/Leaving_Las_Vegas,http://dbpedia.org/resource/A_Christmas_Carol_(2009_film),LDSD,0.026255699009843703,0.6599056570968806
http://dbpedia.org/resource/Leaving_Las_Vegas,http://dbpedia.org/resource/A_Christmas_Story,LDSD,0.026255699009843703,0.6966583632557377
http://dbpedia.org/resource/Leaving_Las_Vegas,http://dbpedia.org/resource/A_Civil_Action_(film),LDSD,0.026255699009843703,0.663481772307706
http://dbpedia.org/resource/Leaving_Las_Vegas,http://dbpedia.org/resource/A_Clockwork_Orange_(film),LDSD,0.02553782416590389,0.7719488410002221
http://dbpedia.org/resource/Leaving_Las_Vegas,http://dbpedia.org/resource/A_Close_Shave,LDSD,0,0.6236906421367058
http://dbpedia.org/resource/Leaving_Las_Vegas,"http://dbpedia.org/resource/A_Cool,_Dry_Place",LDSD,0.0023352881247654667,0.574162347558997
http://dbpedia.org/resource/Leaving_Las_Vegas,http://dbpedia.org/resource/A_Couch_in_New_York,LDSD,0.02553782416590389,0.6053077000104261
http://dbpedia.org/resource/Leaving_Las_Vegas,http://dbpedia.org/resource/A_Damsel_in_Distress_(film),LDSD,0,0.08063243466939474
http://dbpedia.org/resource/Leaving_Las_Vegas,http://dbpedia.org/resource/A_Dog's_Life_(1950_film),LDSD,0,0.5414342399931307
http://dbpedia.org/resource/Leaving_Las_Vegas,http://dbpedia.org/resource/A_Dog_of_Flanders_(1999_film),LDSD,0,0.5579048098745871
http://dbpedia.org/resource/Leaving_Las_Vegas,http://dbpedia.org/resource/A_Face_in_the_Crowd_(film),LDSD,0.02553782416590389,0.6225342941329606
http://dbpedia.org/resource/Leaving_Las_Vegas,http://dbpedia.org/resource/A_Family_Thing,LDSD,0.030495208562042908,0.49477895513076087
http://dbpedia.org/resource/Leaving_Las_Vegas,http://dbpedia.org/resource/A_Far_Off_Place,LDSD,0.0007559801240815123,0.6023222089931795
http://dbpedia.org/resource/Leaving_Las_Vegas,http://dbpedia.org/resource/A_Few_Good_Men,LDSD,0.02553782416590389,0.7415342297031584
http://dbpedia.org/resource/Leaving_Las_Vegas,http://dbpedia.org/resource/A_Fish_Called_Wanda,LDSD,0.02553782416590389,0.7316956185527259
http://dbpedia.org/resource/Leaving_Las_Vegas,http://dbpedia.org/resource/A_Fistful_of_Dollars,LDSD,0.0326903945396384,0.6784025043597554
http://dbpedia.org/resource/Leaving_Las_Vegas,http://dbpedia.org/resource/A_Further_Gesture,LDSD,0,0.5414342399931307
http://dbpedia.org/resource/Leaving_Las_Vegas,http://dbpedia.org/resource/A_Good_Man_in_Africa,LDSD,0.02553782416590389,0.5817482394080754
http://dbpedia.org/resource/Leaving_Las_Vegas,http://dbpedia.org/resource/A_Goofy_Movie,LDSD,0.026255699009843703,0.697909941510985
http://dbpedia.org/resource/Leaving_Las_Vegas,http://dbpedia.org/resource/A_Grand_Day_Out,LDSD,0,0.5727485066738647
http://dbpedia.org/resource/Leaving_Las_Vegas,http://dbpedia.org/resource/A_Great_Day_in_Harlem_(film),LDSD,0.02553782416590389,0.6066890325683707
http://dbpedia.org/resource/Leaving_Las_Vegas,http://dbpedia.org/resource/A_Hard_Day's_Night_(film),LDSD,0.05519375368668933,0.7058254596546415
http://dbpedia.org/resource/Leaving_Las_Vegas,http://dbpedia.org/resource/A_Hungarian_Fairy_Tale,LDSD,0,0.5414342399931307
http://dbpedia.org/resource/Leaving_Las_Vegas,http://dbpedia.org/resource/A_Kid_in_King_Arthur's_Court,LDSD,0.05048634810057884,0.6803305695607276
http://dbpedia.org/resource/Leaving_Las_Vegas,http://dbpedia.org/resource/A_King_in_New_York,LDSD,0.0007559801240815123,0.5981297117174402
http://dbpedia.org/resource/Leaving_Las_Vegas,http://dbpedia.org/resource/A_League_of_Their_Own,LDSD,0.026255699009843703,0.652233329944915
http://dbpedia.org/resource/Leaving_Las_Vegas,http://dbpedia.org/resource/A_Letter_from_Death_Row_(film),LDSD,0,0.5579048098745871
http://dbpedia.org/resource/Leaving_Las_Vegas,http://dbpedia.org/resource/A_Life_Less_Ordinary,LDSD,0.026255699009843703,0.6878844115498968
http://dbpedia.org/resource/Leaving_Las_Vegas,http://dbpedia.org/resource/A_Low_Down_Dirty_Shame,LDSD,0.026255699009843703,0.6238729900196551
http://dbpedia.org/resource/Leaving_Las_Vegas,http://dbpedia.org/resource/A_Man_for_All_Seasons_(1966_film),LDSD,0.07289054086573765,0.7999835053960859
http://dbpedia.org/resource/Leaving_Las_Vegas,http://dbpedia.org/resource/A_Man_of_No_Importance_(film),LDSD,0.02553782416590389,0.6260783780308568
http://dbpedia.org/resource/Leaving_Las_Vegas,http://dbpedia.org/resource/A_Map_of_the_World_(film),LDSD,0.02553782416590389,0.6011007296724254
http://dbpedia.org/resource/Leaving_Las_Vegas,http://dbpedia.org/resource/A_Matter_of_Loaf_and_Death,LDSD,0.02553782416590389,0.4124898916361547
http://dbpedia.org/resource/Leaving_Las_Vegas,http://dbpedia.org/resource/A_Midsummer_Night's_Dream_(1999_film),LDSD,0.0007559801240815123,0.6316528943855746
http://dbpedia.org/resource/Leaving_Las_Vegas,http://dbpedia.org/resource/A_Month_by_the_Lake,LDSD,0.05048634810057884,0.667922485747608
http://dbpedia.org/resource/Leaving_Las_Vegas,http://dbpedia.org/resource/A_Night_at_the_Roxbury,LDSD,0.026255699009843703,0.6616484310610282
http://dbpedia.org/resource/Leaving_Las_Vegas,http://dbpedia.org/resource/A_Night_to_Remember_(1958_film),LDSD,0.02553782416590389,0.6161342535701879
http://dbpedia.org/resource/Leaving_Las_Vegas,http://dbpedia.org/resource/A_Nightmare_on_Elm_Street_(2010_film),LDSD,0.0007559801240815123,0.6307742785775562
http://dbpedia.org/resource/Leaving_Las_Vegas,http://dbpedia.org/resource/A_Nightmare_on_Elm_Street_2:_Freddy's_Revenge,LDSD,0.02553782416590389,0.47782992942741365
http://dbpedia.org/resource/Leaving_Las_Vegas,http://dbpedia.org/resource/A_Nightmare_on_Elm_Street_3:_Dream_Warriors,LDSD,0.026255699009843703,0.5806385907230749
http://dbpedia.org/resource/Leaving_Las_Vegas,http://dbpedia.org/resource/A_Nightmare_on_Elm_Street_4:_The_Dream_Master,LDSD,0.026255699009843703,0.539827234224843
http://dbpedia.org/resource/Leaving_Las_Vegas,http://dbpedia.org/resource/A_Nightmare_on_Elm_Street_5:_The_Dream_Child,LDSD,0.026255699009843703,0.5855677009956661
http://dbpedia.org/resource/Leaving_Las_Vegas,http://dbpedia.org/resource/A_Perfect_World,LDSD,0.02553782416590389,0.6391142052168117
http://dbpedia.org/resource/Leaving_Las_Vegas,http://dbpedia.org/resource/A_Place_in_the_Sun_(film),LDSD,0.02553782416590389,0.7621619326506552
http://dbpedia.org/resource/Leaving_Las_Vegas,http://dbpedia.org/resource/A_Price_Above_Rubies,LDSD,0.026255699009843703,0.651024262596219
http://dbpedia.org/resource/Leaving_Las_Vegas,http://dbpedia.org/resource/A_Pyromaniac's_Love_Story,LDSD,0.026255699009843703,0.6400060530557026
http://dbpedia.org/resource/Leaving_Las_Vegas,http://dbpedia.org/resource/A_Raisin_in_the_Sun_(1961_film),LDSD,0.02553782416590389,0.655553428180113
http://dbpedia.org/resource/Leaving_Las_Vegas,http://dbpedia.org/resource/A_River_Runs_Through_It_(film),LDSD,0.027755491222567485,0.6801138101792746
http://dbpedia.org/resource/Leaving_Las_Vegas,http://dbpedia.org/resource/A_Simple_Plan_(film),LDSD,0.05048634810057884,0.7509205995709904
http://dbpedia.org/resource/Leaving_Las_Vegas,http://dbpedia.org/resource/A_Simple_Twist_of_Fate,LDSD,0,0.6094920870778597
http://dbpedia.org/resource/Leaving_Las_Vegas,http://dbpedia.org/resource/A_Simple_Wish,LDSD,0.026255699009843703,0.6316294596818895
http://dbpedia.org/resource/Leaving_Las_Vegas,http://dbpedia.org/resource/A_Smile_Like_Yours,LDSD,0.02553782416590389,0.6066890325683707
http://dbpedia.org/resource/Leaving_Las_Vegas,http://dbpedia.org/resource/A_Soldier's_Daughter_Never_Cries_(film),LDSD,0.026255699009843703,0.6765516830669625
http://dbpedia.org/resource/Leaving_Las_Vegas,http://dbpedia.org/resource/A_Soldier's_Story,LDSD,0.026255699009843703,0.7034654314672553
http://dbpedia.org/resource/Leaving_Las_Vegas,http://dbpedia.org/resource/A_Streetcar_Named_Desire_(1951_film),LDSD,0.02553782416590389,0.7596767874369649
http://dbpedia.org/resource/Leaving_Las_Vegas,http://dbpedia.org/resource/A_Thin_Line_Between_Love_and_Hate,LDSD,0.02553782416590389,0.5260768326929102
http://dbpedia.org/resource/Leaving_Las_Vegas,http://dbpedia.org/resource/A_Thousand_Acres_(film),LDSD,0.05048634810057884,0.6931683098935972
http://dbpedia.org/resource/Leaving_Las_Vegas,http://dbpedia.org/resource/A_Time_to_Kill_(1996_film),LDSD,0.026255699009843703,0.6538429976880383
http://dbpedia.org/resource/Leaving_Las_Vegas,http://dbpedia.org/resource/A_Touch_of_Class_(film),LDSD,0.02553782416590389,0.6840739231037414
http://dbpedia.org/resource/Leaving_Las_Vegas,http://dbpedia.org/resource/A_Very_Brady_Sequel,LDSD,0.0007559801240815123,0.6262396239558536
http://dbpedia.org/resource/Leaving_Las_Vegas,http://dbpedia.org/resource/A_Very_Natural_Thing,LDSD,0.028470103524037893,0.6534022233141772
http://dbpedia.org/resource/Leaving_Las_Vegas,http://dbpedia.org/resource/A_View_to_a_Kill,LDSD,0.02553782416590389,0.6457905782950767
http://dbpedia.org/resource/Leaving_Las_Vegas,http://dbpedia.org/resource/A_Walk_in_the_Clouds,LDSD,0.09550142554621566,0.7687678489096258
http://dbpedia.org/resource/Leaving_Las_Vegas,http://dbpedia.org/resource/A_Walk_on_the_Moon,LDSD,0.026255699009843703,0.6523250761278596
http://dbpedia.org/resource/Leaving_Las_Vegas,http://dbpedia.org/resource/A_Woman_of_Paris,LDSD,0.05451792772084174,0.6924630152619975
http://dbpedia.org/resource/Leaving_Las_Vegas,http://dbpedia.org/resource/A_Zed_&_Two_Noughts,LDSD,0,0.5696012979995663
http://dbpedia.org/resource/Leaving_Las_Vegas,http://dbpedia.org/resource/Abbott_and_Costello_Meet_Frankenstein,LDSD,0.026255699009843703,0.4998802406810433
http://dbpedia.org/resource/Leaving_Las_Vegas,http://dbpedia.org/resource/About_Adam,LDSD,0,0.5849166303242685
http://dbpedia.org/resource/Leaving_Las_Vegas,http://dbpedia.org/resource/About_Last_Night_(1986_film),LDSD,0.028470103524037893,0.6906724570026472
http://dbpedia.org/resource/Leaving_Las_Vegas,http://dbpedia.org/resource/Above_the_Rim,LDSD,0.026255699009843703,0.6632511013904316
http://dbpedia.org/resource/Leaving_Las_Vegas,http://dbpedia.org/resource/Absolute_Power_(film),LDSD,0.05048634810057884,0.6672602588837226
http://dbpedia.org/resource/Leaving_Las_Vegas,http://dbpedia.org/resource/Ace_Ventura:_Pet_Detective,LDSD,0.027755491222567485,0.5156465353518025
http://dbpedia.org/resource/Leaving_Las_Vegas,http://dbpedia.org/resource/Ace_Ventura:_When_Nature_Calls,LDSD,0.05048634810057884,0.613140811708673
http://dbpedia.org/resource/Leaving_Las_Vegas,http://dbpedia.org/resource/Ace_in_the_Hole_(film),LDSD,0,0.08063243466939474
http://dbpedia.org/resource/Leaving_Las_Vegas,http://dbpedia.org/resource/Aces:_Iron_Eagle_III,LDSD,0.02553782416590389,0.47782992942741365
http://dbpedia.org/resource/Leaving_Las_Vegas,http://dbpedia.org/resource/Action_Jackson_(1988_film),LDSD,0.05048634810057884,0.5054696853599012
http://dbpedia.org/resource/Leaving_Las_Vegas,http://dbpedia.org/resource/Addams_Family_Reunion,LDSD,0,0.42102048051191754
http://dbpedia.org/resource/Leaving_Las_Vegas,http://dbpedia.org/resource/Addams_Family_Values,LDSD,0.0007559801240815123,0.5229880718962416
http://dbpedia.org/resource/Leaving_Las_Vegas,http://dbpedia.org/resource/Addicted_to_Love_(film),LDSD,0.0007559801240815123,0.6196421540144461
http://dbpedia.org/resource/Leaving_Las_Vegas,http://dbpedia.org/resource/Addiction_(film),LDSD,0,0.5414342399931307
http://dbpedia.org/resource/Leaving_Las_Vegas,http://dbpedia.org/resource/Adrenalin:_Fear_the_Rush,LDSD,0,0.38410323784370215
http://dbpedia.org/resource/Leaving_Las_Vegas,http://dbpedia.org/resource/Adventures_in_Babysitting,LDSD,0.0013414205212075592,0.6519834263025548
http://dbpedia.org/resource/Leaving_Las_Vegas,http://dbpedia.org/resource/Affliction_(film),LDSD,0.04980376845032375,0.7801684185627848
http://dbpedia.org/resource/Leaving_Las_Vegas,http://dbpedia.org/resource/After_Life_(film),LDSD,0,0.6101410569537149
http://dbpedia.org/resource/Leaving_Las_Vegas,http://dbpedia.org/resource/Afterglow_(film),LDSD,0.04980376845032375,0.7090546205482133
http://dbpedia.org/resource/Leaving_Las_Vegas,http://dbpedia.org/resource/Against_All_Odds_(film),LDSD,0.05048634810057884,0.6856453442871657
http://dbpedia.org/resource/Leaving_Las_Vegas,http://dbpedia.org/resource/Agnes_Browne,LDSD,0.07289054086573765,0.6600829233960561
http://dbpedia.org/resource/Leaving_Las_Vegas,http://dbpedia.org/resource/Agnes_of_God_(film),LDSD,0.026255699009843703,0.6908968831522992
http://dbpedia.org/resource/Leaving_Las_Vegas,http://dbpedia.org/resource/Air_America_(film),LDSD,0.04980376845032375,0.7099291022519995
http://dbpedia.org/resource/Leaving_Las_Vegas,http://dbpedia.org/resource/Air_Bud,LDSD,0.0007559801240815123,0.5998783747384915
http://dbpedia.org/resource/Leaving_Las_Vegas,http://dbpedia.org/resource/Air_Bud:_Golden_Receiver,LDSD,0.0007559801240815123,0.4092370963743518
http://dbpedia.org/resource/Leaving_Las_Vegas,http://dbpedia.org/resource/Air_Force_One_(film),LDSD,0.026255699009843703,0.7101373612396755
http://dbpedia.org/resource/Leaving_Las_Vegas,http://dbpedia.org/resource/Airheads,LDSD,0.0007559801240815123,0.6269902862891856
http://dbpedia.org/resource/Leaving_Las_Vegas,http://dbpedia.org/resource/Airplane!,LDSD,0.026255699009843703,0.676967043352604
http://dbpedia.org/resource/Leaving_Las_Vegas,http://dbpedia.org/resource/Airplane_II:_The_Sequel,LDSD,0.026255699009843703,0.5528846394493752
http://dbpedia.org/resource/Leaving_Las_Vegas,http://dbpedia.org/resource/Airport_'77,LDSD,0.026255699009843703,0.6673615203633652
http://dbpedia.org/resource/Leaving_Las_Vegas,http://dbpedia.org/resource/Airport_(1970_film),LDSD,0.026255699009843703,0.7132941966277166
http://dbpedia.org/resource/Leaving_Las_Vegas,http://dbpedia.org/resource/Airport_1975,LDSD,0.026255699009843703,0.6329993351465303
http://dbpedia.org/resource/Leaving_Las_Vegas,http://dbpedia.org/resource/Akira_(film),LDSD,0,0.48409820520152425
http://dbpedia.org/resource/Leaving_Las_Vegas,http://dbpedia.org/resource/Aladdin_(1992_Disney_film),LDSD,0,0.6647783746378346
http://dbpedia.org/resource/Leaving_Las_Vegas,http://dbpedia.org/resource/Aladdin_and_the_King_of_Thieves,LDSD,0,0.49331804233526855
http://dbpedia.org/resource/Leaving_Las_Vegas,http://dbpedia.org/resource/Alaska_(1996_film),LDSD,0.026255699009843703,0.6207936243098602
http://dbpedia.org/resource/Leaving_Las_Vegas,http://dbpedia.org/resource/Albino_Alligator,LDSD,0.026255699009843703,0.6769607789216228
http://dbpedia.org/resource/Leaving_Las_Vegas,http://dbpedia.org/resource/Alice_and_Martin_(1998_film),LDSD,0,0
http://dbpedia.org/resource/Leaving_Las_Vegas,http://dbpedia.org/resource/Alice_in_Wonderland_(1951_film),LDSD,0,0.620674326211647
http://dbpedia.org/resource/Leaving_Las_Vegas,http://dbpedia.org/resource/Alien:_Resurrection,LDSD,0.026255699009843703,0.5734086313165434
http://dbpedia.org/resource/Leaving_Las_Vegas,http://dbpedia.org/resource/Alien_(film),LDSD,0.02553782416590389,0.6931040361114834
http://dbpedia.org/resource/Leaving_Las_Vegas,http://dbpedia.org/resource/Alien_Nation_(film),LDSD,0.026255699009843703,0.6645168306145395
http://dbpedia.org/resource/Leaving_Las_Vegas,http://dbpedia.org/resource/Aliens_(film),LDSD,0.026255699009843703,0.7506136786119281
http://dbpedia.org/resource/Leaving_Las_Vegas,http://dbpedia.org/resource/Alive_(1983_film),LDSD,0,0
http://dbpedia.org/resource/Leaving_Las_Vegas,http://dbpedia.org/resource/All_About_Eve,LDSD,0.02553782416590389,0.7659253692857028
http://dbpedia.org/resource/Leaving_Las_Vegas,http://dbpedia.org/resource/All_About_My_Mother,LDSD,0.02553782416590389,0.6859356101227341
http://dbpedia.org/resource/Leaving_Las_Vegas,http://dbpedia.org/resource/All_Dogs_Go_to_Heaven,LDSD,0.030495208562042908,0.7173561960529087
http://dbpedia.org/resource/Leaving_Las_Vegas,http://dbpedia.org/resource/All_Dogs_Go_to_Heaven_2,LDSD,0.026255699009843703,0.6367393747097112
http://dbpedia.org/resource/Leaving_Las_Vegas,http://dbpedia.org/resource/All_Over_Me_(film),LDSD,0.05048634810057884,0.6787226787568899
http://dbpedia.org/resource/Leaving_Las_Vegas,http://dbpedia.org/resource/All_Quiet_on_the_Western_Front_(1930_film),LDSD,0.02553782416590389,0.7013329659484064
http://dbpedia.org/resource/Leaving_Las_Vegas,http://dbpedia.org/resource/All_That_Jazz_(film),LDSD,0.026255699009843703,0.7242757143304447
http://dbpedia.org/resource/Leaving_Las_Vegas,http://dbpedia.org/resource/All_Things_Fair,LDSD,0.05048634810057884,0.6688484698391428
http://dbpedia.org/resource/Leaving_Las_Vegas,http://dbpedia.org/resource/All_the_King's_Men_(1949_film),LDSD,0.09550142554621566,0.7861067647647935
http://dbpedia.org/resource/Leaving_Las_Vegas,http://dbpedia.org/resource/All_the_Vermeers_in_New_York,LDSD,0.02553782416590389,0.6166025905953247
http://dbpedia.org/resource/Leaving_Las_Vegas,http://dbpedia.org/resource/Alley_Cats_Strike,LDSD,0.02553782416590389,0.5521870704488165
http://dbpedia.org/resource/Leaving_Las_Vegas,http://dbpedia.org/resource/Alligator_(film),LDSD,0.05191248201789811,0.6760125560272394
http://dbpedia.org/resource/Leaving_Las_Vegas,http://dbpedia.org/resource/Almost_Heroes,LDSD,0.026255699009843703,0.6217203227753632
http://dbpedia.org/resource/Leaving_Las_Vegas,http://dbpedia.org/resource/Alphaville_(film),LDSD,0,0.5696012979995663
http://dbpedia.org/resource/Leaving_Las_Vegas,http://dbpedia.org/resource/Alvarez_Kelly,LDSD,0.0007559801240815123,0.6063822510909613
http://dbpedia.org/resource/Leaving_Las_Vegas,http://dbpedia.org/resource/Always_Tell_Your_Wife,LDSD,0,0.5591638593171404
http://dbpedia.org/resource/Leaving_Las_Vegas,http://dbpedia.org/resource/Amadeus_(film),LDSD,0.07289054086573765,0.7970924881945153
http://dbpedia.org/resource/Leaving_Las_Vegas,http://dbpedia.org/resource/Amateur_(film),LDSD,0.02553782416590389,0.6093525203254806
http://dbpedia.org/resource/Leaving_Las_Vegas,http://dbpedia.org/resource/American_Beauty,LDSD,0,0.46813274971701113
http://dbpedia.org/resource/Leaving_Las_Vegas,http://dbpedia.org/resource/American_Buffalo_(film),LDSD,0.05048634810057884,0.6475330961380861
http://dbpedia.org/resource/Leaving_Las_Vegas,http://dbpedia.org/resource/American_Dream_(film),LDSD,0.04980376845032375,0.6675515146068096
http://dbpedia.org/resource/Leaving_Las_Vegas,http://dbpedia.org/resource/American_Flyers,LDSD,0.026255699009843703,0.6402620484532275
http://dbpedia.org/resource/Leaving_Las_Vegas,http://dbpedia.org/resource/American_Gigolo,LDSD,0.07354036574317835,0.7082307028462305
http://dbpedia.org/resource/Leaving_Las_Vegas,http://dbpedia.org/resource/American_Graffiti,LDSD,0.02553782416590389,0.7503061971660494
http://dbpedia.org/resource/Leaving_Las_Vegas,http://dbpedia.org/resource/American_History_X,LDSD,0.05048634810057884,0.7505761676867967
http://dbpedia.org/resource/Leaving_Las_Vegas,http://dbpedia.org/resource/American_Movie,LDSD,0,0.559308044096097
http://dbpedia.org/resource/Leaving_Las_Vegas,http://dbpedia.org/resource/American_Pie_(film),LDSD,0.026255699009843703,0.6855003587896685
http://dbpedia.org/resource/Leaving_Las_Vegas,http://dbpedia.org/resource/American_Pimp,LDSD,0.028470103524037893,0.6183759919461176
http://dbpedia.org/resource/Leaving_Las_Vegas,http://dbpedia.org/resource/American_Pop,LDSD,0.05048634810057884,0.6515484609964715
http://dbpedia.org/resource/Leaving_Las_Vegas,http://dbpedia.org/resource/American_Psycho_(film),LDSD,0.05048634810057884,0.6966793890721181
http://dbpedia.org/resource/Leaving_Las_Vegas,http://dbpedia.org/resource/American_Strays,LDSD,0.02553782416590389,0.5954935464260731
http://dbpedia.org/resource/Leaving_Las_Vegas,http://dbpedia.org/resource/Amistad_(film),LDSD,0.02553782416590389,0.7218805684811598
http://dbpedia.org/resource/Leaving_Las_Vegas,http://dbpedia.org/resource/Amityville:_A_New_Generation,LDSD,0.02553782416590389,0.41493216779359066
http://dbpedia.org/resource/Leaving_Las_Vegas,http://dbpedia.org/resource/Amityville:_It's_About_Time,LDSD,0.02553782416590389,0.3832868067201337
http://dbpedia.org/resource/Leaving_Las_Vegas,http://dbpedia.org/resource/Amityville_3-D,LDSD,0.026255699009843703,0.6491437648447338
http://dbpedia.org/resource/Leaving_Las_Vegas,http://dbpedia.org/resource/Amityville_Dollhouse,LDSD,0,0.559308044096097
http://dbpedia.org/resource/Leaving_Las_Vegas,http://dbpedia.org/resource/Amityville_II:_The_Possession,LDSD,0.026255699009843703,0.5382662707856665
http://dbpedia.org/resource/Leaving_Las_Vegas,http://dbpedia.org/resource/Among_Giants,LDSD,0.02553782416590389,0.6049995182151702
http://dbpedia.org/resource/Leaving_Las_Vegas,http://dbpedia.org/resource/Amos_&_Andrew,LDSD,0.002095374595677657,0.6351093774338259
http://dbpedia.org/resource/Leaving_Las_Vegas,http://dbpedia.org/resource/An_Affair_to_Remember,LDSD,0.04980376845032375,0.6566523479267599
http://dbpedia.org/resource/Leaving_Las_Vegas,http://dbpedia.org/resource/An_Alan_Smithee_Film:_Burn_Hollywood_Burn,LDSD,0.02553782416590389,0.5135767746124646
http://dbpedia.org/resource/Leaving_Las_Vegas,http://dbpedia.org/resource/An_American_Tail,LDSD,0.02553782416590389,0.703472290424106
http://dbpedia.org/resource/Leaving_Las_Vegas,http://dbpedia.org/resource/An_American_Tail:_Fievel_Goes_West,LDSD,0.0007559801240815123,0.4821489950318387
http://dbpedia.org/resource/Leaving_Las_Vegas,http://dbpedia.org/resource/An_American_Werewolf_in_London,LDSD,0.026255699009843703,0.6632883818649902
http://dbpedia.org/resource/Leaving_Las_Vegas,http://dbpedia.org/resource/An_American_Werewolf_in_Paris,LDSD,0.02553782416590389,0.6313819347511462
http://dbpedia.org/resource/Leaving_Las_Vegas,http://dbpedia.org/resource/An_American_in_Paris_(film),LDSD,0.026255699009843703,0.679271395086309
http://dbpedia.org/resource/Leaving_Las_Vegas,http://dbpedia.org/resource/An_Awfully_Big_Adventure,LDSD,0.05048634810057884,0.6943454065335477
http://dbpedia.org/resource/Leaving_Las_Vegas,http://dbpedia.org/resource/An_Ideal_Husband_(1999_film),LDSD,0.02553782416590389,0.6057063242095975
http://dbpedia.org/resource/Leaving_Las_Vegas,http://dbpedia.org/resource/An_Unforgettable_Summer,LDSD,0,0.5849166303242685
http://dbpedia.org/resource/Leaving_Las_Vegas,http://dbpedia.org/resource/Anaconda_(film),LDSD,0.026255699009843703,0.6575974797326829
http://dbpedia.org/resource/Leaving_Las_Vegas,http://dbpedia.org/resource/Analyze_This,LDSD,0.02553782416590389,0.6371027896665866
http://dbpedia.org/resource/Leaving_Las_Vegas,http://dbpedia.org/resource/Anastasia_(1997_film),LDSD,0.026255699009843703,0.6658852016087125
http://dbpedia.org/resource/Leaving_Las_Vegas,http://dbpedia.org/resource/Anatomy_of_a_Murder,LDSD,0.02553782416590389,0.7573284569446501
http://dbpedia.org/resource/Leaving_Las_Vegas,http://dbpedia.org/resource/Anchors_Aweigh_(film),LDSD,0.02553782416590389,0.6678397095997444
http://dbpedia.org/resource/Leaving_Las_Vegas,http://dbpedia.org/resource/And_God_Created_Woman_(1956_film),LDSD,0,0.6030447465052383
http://dbpedia.org/resource/Leaving_Las_Vegas,http://dbpedia.org/resource/And_God_Created_Woman_(1988_film),LDSD,0.04980376845032375,0.6409855642695244
http://dbpedia.org/resource/Leaving_Las_Vegas,http://dbpedia.org/resource/And_Now_for_Something_Completely_Different,LDSD,0.02553782416590389,0.6260783780308568
http://dbpedia.org/resource/Leaving_Las_Vegas,http://dbpedia.org/resource/And_the_Band_Played_On_(film),LDSD,0.02553782416590389,0.6360462823648729
http://dbpedia.org/resource/Leaving_Las_Vegas,http://dbpedia.org/resource/Andre_(film),LDSD,0.02553782416590389,0.6282129753009886
http://dbpedia.org/resource/Leaving_Las_Vegas,http://dbpedia.org/resource/Angel_Baby_(1995_film),LDSD,0.04980376845032375,0.6727228215269707
http://dbpedia.org/resource/Leaving_Las_Vegas,http://dbpedia.org/resource/Angel_Heart,LDSD,0.09550142554621566,0.739506908526591
http://dbpedia.org/resource/Leaving_Las_Vegas,http://dbpedia.org/resource/Angela's_Ashes_(film),LDSD,0.026255699009843703,0.6484055269088139
http://dbpedia.org/resource/Leaving_Las_Vegas,http://dbpedia.org/resource/Angela_(1995_film),LDSD,0.07289054086573765,0.665867298837773
http://dbpedia.org/resource/Leaving_Las_Vegas,http://dbpedia.org/resource/Angels_in_the_Outfield_(1994_film),LDSD,0.026255699009843703,0.6218264950714303
http://dbpedia.org/resource/Leaving_Las_Vegas,http://dbpedia.org/resource/Angus_(film),LDSD,0.04980376845032375,0.7017406582116781
http://dbpedia.org/resource/Leaving_Las_Vegas,http://dbpedia.org/resource/Animal_House,LDSD,0.02553782416590389,0.6770032916223123
http://dbpedia.org/resource/Leaving_Las_Vegas,http://dbpedia.org/resource/Anna_Karenina_(1997_film),LDSD,0.07354036574317835,0.7216274610590396
http://dbpedia.org/resource/Leaving_Las_Vegas,http://dbpedia.org/resource/Anna_and_the_King,LDSD,0.07289054086573765,0.5801996021808598
http://dbpedia.org/resource/Leaving_Las_Vegas,http://dbpedia.org/resource/Anne_Frank_Remembered,LDSD,0.02553782416590389,0.6231795591792388
http://dbpedia.org/resource/Leaving_Las_Vegas,http://dbpedia.org/resource/Annie_Hall,LDSD,0.05451792772084174,0.8053110147515757
http://dbpedia.org/resource/Leaving_Las_Vegas,http://dbpedia.org/resource/Another_Day_in_Paradise_(film),LDSD,0.026255699009843703,0.6808448216358444
http://dbpedia.org/resource/Leaving_Las_Vegas,http://dbpedia.org/resource/Another_Man's_Poison,LDSD,0.04980376845032375,0.6584465855119152
http://dbpedia.org/resource/Leaving_Las_Vegas,http://dbpedia.org/resource/Another_Stakeout,LDSD,0.026255699009843703,0.6329993351465303
http://dbpedia.org/resource/Leaving_Las_Vegas,http://dbpedia.org/resource/Antonia's_Line,LDSD,0.02553782416590389,0.6584284133701337
http://dbpedia.org/resource/Leaving_Las_Vegas,http://dbpedia.org/resource/Antz,LDSD,0.026255699009843703,0.6409370431406616
http://dbpedia.org/resource/Leaving_Las_Vegas,http://dbpedia.org/resource/Any_Given_Sunday,LDSD,0.026255699009843703,0.6575974797326829
http://dbpedia.org/resource/Leaving_Las_Vegas,http://dbpedia.org/resource/Anywhere_but_Here_(film),LDSD,0.02553782416590389,0.6582727350762352
http://dbpedia.org/resource/Leaving_Las_Vegas,http://dbpedia.org/resource/Aparajito,LDSD,0,0.6296592681614325
http://dbpedia.org/resource/Leaving_Las_Vegas,http://dbpedia.org/resource/Apartment_for_Peggy,LDSD,0.04980376845032375,0.6112458096055944
http://dbpedia.org/resource/Leaving_Las_Vegas,http://dbpedia.org/resource/Apocalypse_Now,LDSD,0.05451792772084174,0.798990948720439
http://dbpedia.org/resource/Leaving_Las_Vegas,http://dbpedia.org/resource/Apollo_13_(film),LDSD,0.05048634810057884,0.8369706549920132
http://dbpedia.org/resource/Leaving_Las_Vegas,http://dbpedia.org/resource/Apostle_Peter_and_the_Last_Supper,LDSD,0.02553782416590389,0.41245631031415475
http://dbpedia.org/resource/Leaving_Las_Vegas,http://dbpedia.org/resource/April_Fool's_Day_(1986_film),LDSD,0.028470103524037893,0.6339140544708327
http://dbpedia.org/resource/Leaving_Las_Vegas,http://dbpedia.org/resource/Apt_Pupil_(film),LDSD,0.026255699009843703,0.651024262596219
http://dbpedia.org/resource/Leaving_Las_Vegas,http://dbpedia.org/resource/Arachnophobia_(film),LDSD,0.02681164924993873,0.67437486230127
http://dbpedia.org/resource/Leaving_Las_Vegas,http://dbpedia.org/resource/Arlington_Road,LDSD,0.02553782416590389,0.6676726992391192
http://dbpedia.org/resource/Leaving_Las_Vegas,http://dbpedia.org/resource/Armageddon_(1998_film),LDSD,0.026255699009843703,0.690098002230709
http://dbpedia.org/resource/Leaving_Las_Vegas,http://dbpedia.org/resource/Armed_and_Dangerous_(film),LDSD,0.026255699009843703,0.46743726828020893
http://dbpedia.org/resource/Leaving_Las_Vegas,http://dbpedia.org/resource/Army_of_Darkness,LDSD,0.026255699009843703,0.6820154676683193
http://dbpedia.org/resource/Leaving_Las_Vegas,http://dbpedia.org/resource/Around_the_World_in_80_Days_(1956_film),LDSD,0.05451792772084174,0.7473647263742169
http://dbpedia.org/resource/Leaving_Las_Vegas,http://dbpedia.org/resource/Arsenic_and_Old_Lace_(film),LDSD,0.02553782416590389,0.5007489785038781
http://dbpedia.org/resource/Leaving_Las_Vegas,http://dbpedia.org/resource/Artemisia_(film),LDSD,0.0007559801240815123,0.57498403038718
http://dbpedia.org/resource/Leaving_Las_Vegas,http://dbpedia.org/resource/Arthur_(1981_film),LDSD,0.05048634810057884,0.7267978676074007
http://dbpedia.org/resource/Leaving_Las_Vegas,http://dbpedia.org/resource/As_Good_as_It_Gets,LDSD,0.05048634810057884,0.8191529717518291
http://dbpedia.org/resource/Leaving_Las_Vegas,http://dbpedia.org/resource/Ashes_and_Diamonds_(film),LDSD,0,0.3915766573538987
http://dbpedia.org/resource/Leaving_Las_Vegas,http://dbpedia.org/resource/Assassination_(1987_film),LDSD,0.026255699009843703,0.623270107212017
http://dbpedia.org/resource/Leaving_Las_Vegas,http://dbpedia.org/resource/Assassins_(film),LDSD,0.05048634810057884,0.6929757768292846
http://dbpedia.org/resource/Leaving_Las_Vegas,http://dbpedia.org/resource/Assault_on_Precinct_13_(1976_film),LDSD,0.04980376845032375,0.6789090517303102
http://dbpedia.org/resource/Leaving_Las_Vegas,http://dbpedia.org/resource/Asylum,LDSD,0,0.4350752793599696
http://dbpedia.org/resource/Leaving_Las_Vegas,http://dbpedia.org/resource/At_First_Sight,LDSD,0,0.4772231679620539
http://dbpedia.org/resource/Leaving_Las_Vegas,http://dbpedia.org/resource/At_the_Circus,LDSD,0.02553782416590389,0.6386141778753964
http://dbpedia.org/resource/Leaving_Las_Vegas,http://dbpedia.org/resource/Atlantic_City_(1980_film),LDSD,0.026255699009843703,0.7572645589229046
http://dbpedia.org/resource/Leaving_Las_Vegas,http://dbpedia.org/resource/Attack_of_the_Killer_Tomatoes,LDSD,0.0007559801240815123,0.6212089781739173
http://dbpedia.org/resource/Leaving_Las_Vegas,http://dbpedia.org/resource/Audrey_Rose_(film),LDSD,0.05519375368668933,0.679767265699424
http://dbpedia.org/resource/Leaving_Las_Vegas,http://dbpedia.org/resource/August_(1996_film),LDSD,0.02553782416590389,0.5983165448706219
http://dbpedia.org/resource/Leaving_Las_Vegas,http://dbpedia.org/resource/Auntie_Mame_(film),LDSD,0.05048634810057884,0.687358199747919
http://dbpedia.org/resource/Leaving_Las_Vegas,http://dbpedia.org/resource/Austin_Powers:_The_Spy_Who_Shagged_Me,LDSD,0.026255699009843703,0.5545520828025255
http://dbpedia.org/resource/Leaving_Las_Vegas,http://dbpedia.org/resource/Autumn_in_New_York_(film),LDSD,0.026255699009843703,0.7109453002625878
http://dbpedia.org/resource/Leaving_Las_Vegas,http://dbpedia.org/resource/Avalanche_(1978_film),LDSD,0.026255699009843703,0.6103973193087542
http://dbpedia.org/resource/Leaving_Las_Vegas,http://dbpedia.org/resource/Awakenings,LDSD,0.026255699009843703,0.7625784985824849
http://dbpedia.org/resource/Leaving_Las_Vegas,http://dbpedia.org/resource/Ayn_Rand:_A_Sense_of_Life,LDSD,0.02553782416590389,0.46495676042588674
http://dbpedia.org/resource/Leaving_Las_Vegas,http://dbpedia.org/resource/B*A*P*S,LDSD,0,0.6094920870778597
http://dbpedia.org/resource/Leaving_Las_Vegas,http://dbpedia.org/resource/B._Monkey,LDSD,0,0.5838005727082873
http://dbpedia.org/resource/Leaving_Las_Vegas,http://dbpedia.org/resource/BASEketball,LDSD,0.026255699009843703,0.6389459516890832
http://dbpedia.org/resource/Leaving_Las_Vegas,http://dbpedia.org/resource/Babe:_Pig_in_the_City,LDSD,0.0007559801240815123,0.5036544451548577
http://dbpedia.org/resource/Leaving_Las_Vegas,http://dbpedia.org/resource/Babe_(film),LDSD,0.05048634810057884,0.7820633956994263
http://dbpedia.org/resource/Leaving_Las_Vegas,http://dbpedia.org/resource/Babes_in_Toyland_(1961_film),LDSD,0.0007559801240815123,0.5721914667572922
http://dbpedia.org/resource/Leaving_Las_Vegas,http://dbpedia.org/resource/Baby:_Secret_of_the_Lost_Legend,LDSD,0.026255699009843703,0.48839771693664313
http://dbpedia.org/resource/Leaving_Las_Vegas,http://dbpedia.org/resource/Baby_Geniuses,LDSD,0.026255699009843703,0.6681724164222748
http://dbpedia.org/resource/Leaving_Las_Vegas,http://dbpedia.org/resource/Bachelor_Party_(1984_film),LDSD,0.02553782416590389,0.6273183791925118
http://dbpedia.org/resource/Leaving_Las_Vegas,http://dbpedia.org/resource/Back_Stage_(1923_film),LDSD,0,0.559308044096097
http://dbpedia.org/resource/Leaving_Las_Vegas,http://dbpedia.org/resource/Back_to_School,LDSD,0.02553782416590389,0.6723968846795648
http://dbpedia.org/resource/Leaving_Las_Vegas,http://dbpedia.org/resource/Back_to_the_Future,LDSD,0,0.7146643759419923
http://dbpedia.org/resource/Leaving_Las_Vegas,http://dbpedia.org/resource/Back_to_the_Future_Part_II,LDSD,0.0013414205212075592,0.7048291193334941
http://dbpedia.org/resource/Leaving_Las_Vegas,http://dbpedia.org/resource/Back_to_the_Future_Part_III,LDSD,0,0.6659319118070923
http://dbpedia.org/resource/Leaving_Las_Vegas,http://dbpedia.org/resource/Backbeat_(film),LDSD,0,0.5541536707624544
http://dbpedia.org/resource/Leaving_Las_Vegas,http://dbpedia.org/resource/Backdraft_(film),LDSD,0.026255699009843703,0.6491437648447338
http://dbpedia.org/resource/Leaving_Las_Vegas,http://dbpedia.org/resource/Bad_Boys_(1995_film),LDSD,0.05048634810057884,0.7255975344967245
http://dbpedia.org/resource/Leaving_Las_Vegas,http://dbpedia.org/resource/Bad_Company_(1995_film),LDSD,0.04980376845032375,0.649942509119654
http://dbpedia.org/resource/Leaving_Las_Vegas,http://dbpedia.org/resource/Bad_Girls,LDSD,0,0.4350752793599696
http://dbpedia.org/resource/Leaving_Las_Vegas,http://dbpedia.org/resource/Bad_Lieutenant,LDSD,0.05048634810057884,0.7231138148038085
http://dbpedia.org/resource/Leaving_Las_Vegas,http://dbpedia.org/resource/Bad_Moon,LDSD,0,0.5867819053181986
http://dbpedia.org/resource/Leaving_Las_Vegas,http://dbpedia.org/resource/Bad_Taste,LDSD,0,0.5941830362999978
http://dbpedia.org/resource/Leaving_Las_Vegas,http://dbpedia.org/resource/Badlands_(film),LDSD,0.02553782416590389,0.6547365786805509
http://dbpedia.org/resource/Leaving_Las_Vegas,http://dbpedia.org/resource/Bait_(2000_film),LDSD,0.0007559801240815123,0.5736789981772931
http://dbpedia.org/resource/Leaving_Las_Vegas,http://dbpedia.org/resource/Balto_(film),LDSD,0.04980376845032375,0.695982981176718
http://dbpedia.org/resource/Leaving_Las_Vegas,http://dbpedia.org/resource/Bambi,LDSD,0.02553782416590389,0.6470948742191045
http://dbpedia.org/resource/Leaving_Las_Vegas,http://dbpedia.org/resource/Bamboozled,LDSD,0.026255699009843703,0.6422386904341009
http://dbpedia.org/resource/Leaving_Las_Vegas,http://dbpedia.org/resource/Bananas_(film),LDSD,0.05451792772084174,0.6820806089642253
http://dbpedia.org/resource/Leaving_Las_Vegas,http://dbpedia.org/resource/Band_of_the_Hand,LDSD,0.0007559801240815123,0.5998783747384915
http://dbpedia.org/resource/Leaving_Las_Vegas,http://dbpedia.org/resource/Bandit_Queen,LDSD,0,0.5696012979995663
http://dbpedia.org/resource/Leaving_Las_Vegas,http://dbpedia.org/resource/Bandits_(1997_film),LDSD,0.027755491222567485,0.5952728977136695
http://dbpedia.org/resource/Leaving_Las_Vegas,http://dbpedia.org/resource/Baraka_(film),LDSD,0.0007559801240815123,0.6479133774835952
http://dbpedia.org/resource/Leaving_Las_Vegas,http://dbpedia.org/resource/Barb_Wire_(film),LDSD,0.0007559801240815123,0.6525671351619425
http://dbpedia.org/resource/Leaving_Las_Vegas,http://dbpedia.org/resource/Barbarella_(film),LDSD,0.02553782416590389,0.6224799544913815
http://dbpedia.org/resource/Leaving_Las_Vegas,http://dbpedia.org/resource/Barcelona_(film),LDSD,0,0.6103664993101869
http://dbpedia.org/resource/Leaving_Las_Vegas,http://dbpedia.org/resource/Barefoot_in_the_Park_(film),LDSD,0.026255699009843703,0.661943849645253
http://dbpedia.org/resource/Leaving_Las_Vegas,http://dbpedia.org/resource/Barenaked_in_America,LDSD,0,0.5557690481053303
http://dbpedia.org/resource/Leaving_Las_Vegas,http://dbpedia.org/resource/Barney's_Great_Adventure,LDSD,0.05048634810057884,0.652774441087927
http://dbpedia.org/resource/Leaving_Las_Vegas,http://dbpedia.org/resource/Barry_Lyndon,LDSD,0.02553782416590389,0.727398771755
http://dbpedia.org/resource/Leaving_Las_Vegas,http://dbpedia.org/resource/Basic_Instinct_2,LDSD,0.09550142554621566,0.7230021604140724
http://dbpedia.org/resource/Leaving_Las_Vegas,http://dbpedia.org/resource/Basquiat_(film),LDSD,0.05048634810057884,0.6746638760205061
http://dbpedia.org/resource/Leaving_Las_Vegas,http://dbpedia.org/resource/Bastard_out_of_Carolina_(film),LDSD,0.04980376845032375,0.6367215780030328
http://dbpedia.org/resource/Leaving_Las_Vegas,http://dbpedia.org/resource/Batman:_Mask_of_the_Phantasm,LDSD,0.026255699009843703,0.5747153167812049
http://dbpedia.org/resource/Leaving_Las_Vegas,http://dbpedia.org/resource/Batman_&_Robin_(film),LDSD,0.0007559801240815123,0.6588761936325629
http://dbpedia.org/resource/Leaving_Las_Vegas,http://dbpedia.org/resource/Batman_(1989_film),LDSD,0.026255699009843703,0.7664389005542317
http://dbpedia.org/resource/Leaving_Las_Vegas,http://dbpedia.org/resource/Batman_Forever,LDSD,0.02553782416590389,0.6966991203676015
http://dbpedia.org/resource/Leaving_Las_Vegas,http://dbpedia.org/resource/Batman_Returns,LDSD,0,0.6813107502790495
http://dbpedia.org/resource/Leaving_Las_Vegas,http://dbpedia.org/resource/Bats_(film),LDSD,0.026255699009843703,0.6593886811102587
http://dbpedia.org/resource/Leaving_Las_Vegas,http://dbpedia.org/resource/Battle_for_the_Planet_of_the_Apes,LDSD,0.026255699009843703,0.6575974797326829
http://dbpedia.org/resource/Leaving_Las_Vegas,http://dbpedia.org/resource/Battlefield_Earth_(film),LDSD,0.05048634810057884,0.6948144494142175
http://dbpedia.org/resource/Leaving_Las_Vegas,http://dbpedia.org/resource/Battling_Butler,LDSD,0,0.5632178294576013
http://dbpedia.org/resource/Leaving_Las_Vegas,http://dbpedia.org/resource/Beach_Party,LDSD,0,0.5841427069187919
http://dbpedia.org/resource/Leaving_Las_Vegas,http://dbpedia.org/resource/Bean_(film),LDSD,0.026255699009843703,0.6575974797326829
http://dbpedia.org/resource/Leaving_Las_Vegas,http://dbpedia.org/resource/Beautiful_Girls_(film),LDSD,0.0030877428372323434,0.7007073621180782
http://dbpedia.org/resource/Leaving_Las_Vegas,http://dbpedia.org/resource/Beautiful_People_(film),LDSD,0.026255699009843703,0.6180371180873432
http://dbpedia.org/resource/Leaving_Las_Vegas,http://dbpedia.org/resource/Beautiful_Thing_(film),LDSD,0.02553782416590389,0.648997832307541
http://dbpedia.org/resource/Leaving_Las_Vegas,http://dbpedia.org/resource/Beauty_and_the_Beast_(1991_film),LDSD,0,0.6009293747129254
http://dbpedia.org/resource/Leaving_Las_Vegas,http://dbpedia.org/resource/Beavis_and_Butt-head_Do_America,LDSD,0,0.15160308204679196
http://dbpedia.org/resource/Leaving_Las_Vegas,http://dbpedia.org/resource/Bed_of_Roses_(1996_film),LDSD,0.05048634810057884,0.6870747256900966
http://dbpedia.org/resource/Leaving_Las_Vegas,http://dbpedia.org/resource/Bedknobs_and_Broomsticks,LDSD,0.02553782416590389,0.5783463535775165
http://dbpedia.org/resource/Leaving_Las_Vegas,http://dbpedia.org/resource/Bedrooms_and_Hallways,LDSD,0.027755491222567485,0.4802143326848394
http://dbpedia.org/resource/Leaving_Las_Vegas,http://dbpedia.org/resource/Beefcake_(film),LDSD,0.02553782416590389,0.5732143101696416
http://dbpedia.org/resource/Leaving_Las_Vegas,http://dbpedia.org/resource/Beetlejuice,LDSD,0.026255699009843703,0.6771253715479125
http://dbpedia.org/resource/Leaving_Las_Vegas,http://dbpedia.org/resource/Before_Sunrise,LDSD,0.11826903323469384,0.7643155186320755
http://dbpedia.org/resource/Leaving_Las_Vegas,http://dbpedia.org/resource/Before_and_After_(film),LDSD,0.028470103524037893,0.5619103400671028
http://dbpedia.org/resource/Leaving_Las_Vegas,http://dbpedia.org/resource/Being_Human_(1994_film),LDSD,0.026255699009843703,0.5960152024189755
http://dbpedia.org/resource/Leaving_Las_Vegas,http://dbpedia.org/resource/Being_There,LDSD,0.09977407293164553,0.8055046961708681
http://dbpedia.org/resource/Leaving_Las_Vegas,http://dbpedia.org/resource/Believers_(film),LDSD,0.02553782416590389,0.6093525203254806
http://dbpedia.org/resource/Leaving_Las_Vegas,http://dbpedia.org/resource/Belizaire_the_Cajun,LDSD,0.02553782416590389,0.6093525203254806
http://dbpedia.org/resource/Leaving_Las_Vegas,"http://dbpedia.org/resource/Bell,_Book_and_Candle",LDSD,0.02553782416590389,0.4357837565101076
http://dbpedia.org/resource/Leaving_Las_Vegas,http://dbpedia.org/resource/Belle_de_Jour_(film),LDSD,0.026255699009843703,0.6323722432832448
http://dbpedia.org/resource/Leaving_Las_Vegas,http://dbpedia.org/resource/Bells_Are_Ringing_(film),LDSD,0.027755491222567485,0.651408328335511
http://dbpedia.org/resource/Leaving_Las_Vegas,http://dbpedia.org/resource/Belly_(film),LDSD,0.0007559801240815123,0.6365451904046076
http://dbpedia.org/resource/Leaving_Las_Vegas,http://dbpedia.org/resource/Beloved_(film),LDSD,0.04980376845032375,0.6645591885728876
http://dbpedia.org/resource/Leaving_Las_Vegas,http://dbpedia.org/resource/Ben-Hur_(1959_film),LDSD,0.07289054086573765,0.8026101673229281
http://dbpedia.org/resource/Leaving_Las_Vegas,http://dbpedia.org/resource/Beneath_the_Planet_of_the_Apes,LDSD,0.02553782416590389,0.6198039118155594
http://dbpedia.org/resource/Leaving_Las_Vegas,http://dbpedia.org/resource/Benji_(1974_film),LDSD,0.026255699009843703,0.6511901589427243
http://dbpedia.org/resource/Leaving_Las_Vegas,http://dbpedia.org/resource/Benji_the_Hunted,LDSD,0.026255699009843703,0.6422386904341009
http://dbpedia.org/resource/Leaving_Las_Vegas,http://dbpedia.org/resource/Bent_(film),LDSD,0.026255699009843703,0.6071822301136136
http://dbpedia.org/resource/Leaving_Las_Vegas,http://dbpedia.org/resource/Best_Laid_Plans_(1999_film),LDSD,0.02553782416590389,0.6066890325683707
http://dbpedia.org/resource/Leaving_Las_Vegas,http://dbpedia.org/resource/Best_Man_Wins,LDSD,0,0.5579048098745871
http://dbpedia.org/resource/Leaving_Las_Vegas,http://dbpedia.org/resource/Best_Men,LDSD,0,0.5591638593171404
http://dbpedia.org/resource/Leaving_Las_Vegas,http://dbpedia.org/resource/Best_in_Show_(film),LDSD,0.026255699009843703,0.6593101103107433
http://dbpedia.org/resource/Leaving_Las_Vegas,http://dbpedia.org/resource/Best_of_the_Best_3:_No_Turning_Back,LDSD,0,0.44845404708258885
http://dbpedia.org/resource/Leaving_Las_Vegas,http://dbpedia.org/resource/Betrayed_(1988_film),LDSD,0.05519375368668933,0.7034448428351419
http://dbpedia.org/resource/Leaving_Las_Vegas,http://dbpedia.org/resource/Better_Living,LDSD,0.02553782416590389,0.6093525203254806
http://dbpedia.org/resource/Leaving_Las_Vegas,http://dbpedia.org/resource/Better_Living_Through_Circuitry,LDSD,0,0.559308044096097
http://dbpedia.org/resource/Leaving_Las_Vegas,http://dbpedia.org/resource/Better_Off_Dead_(film),LDSD,0.026255699009843703,0.6443869379012968
http://dbpedia.org/resource/Leaving_Las_Vegas,http://dbpedia.org/resource/Better_Than_Chocolate,LDSD,0.02553782416590389,0.612177164703289
http://dbpedia.org/resource/Leaving_Las_Vegas,http://dbpedia.org/resource/Beverly_Hills_Cop_III,LDSD,0.026255699009843703,0.6674458366322047
http://dbpedia.org/resource/Leaving_Las_Vegas,http://dbpedia.org/resource/Beverly_Hills_Ninja,LDSD,0.026255699009843703,0.6531957515733384
http://dbpedia.org/resource/Leaving_Las_Vegas,http://dbpedia.org/resource/Beyond_Rangoon,LDSD,0.05048634810057884,0.6958113448859454
http://dbpedia.org/resource/Leaving_Las_Vegas,http://dbpedia.org/resource/Beyond_Silence_(1996_film),LDSD,0,0.5911742300421393
http://dbpedia.org/resource/Leaving_Las_Vegas,http://dbpedia.org/resource/Beyond_the_Mat,LDSD,0.026255699009843703,0.6180371180873432
http://dbpedia.org/resource/Leaving_Las_Vegas,http://dbpedia.org/resource/Beyond_the_Poseidon_Adventure,LDSD,0.05191248201789811,0.6440707137066466
http://dbpedia.org/resource/Leaving_Las_Vegas,http://dbpedia.org/resource/Bhaji_on_the_Beach,LDSD,0.02553782416590389,0.610035532411987
http://dbpedia.org/resource/Leaving_Las_Vegas,http://dbpedia.org/resource/Bicentennial_Man_(film),LDSD,0.02553782416590389,0.6268075951737798
http://dbpedia.org/resource/Leaving_Las_Vegas,http://dbpedia.org/resource/Big_Bully_(film),LDSD,0.02553782416590389,0.6325951410929418
http://dbpedia.org/resource/Leaving_Las_Vegas,http://dbpedia.org/resource/Big_Daddy_(1999_film),LDSD,0.026255699009843703,0.6797436549944951
http://dbpedia.org/resource/Leaving_Las_Vegas,http://dbpedia.org/resource/Big_Momma's_House_2,LDSD,0.026255699009843703,0.6705470041851642
http://dbpedia.org/resource/Leaving_Las_Vegas,http://dbpedia.org/resource/Big_Trouble_in_Little_China,LDSD,0.027755491222567485,0.6557806478787224
http://dbpedia.org/resource/Leaving_Las_Vegas,http://dbpedia.org/resource/Bikini_Beach,LDSD,0,0.5867819053181986
http://dbpedia.org/resource/Leaving_Las_Vegas,http://dbpedia.org/resource/Billy's_Hollywood_Screen_Kiss,LDSD,0.02553782416590389,0.629710641667665
http://dbpedia.org/resource/Leaving_Las_Vegas,http://dbpedia.org/resource/Billy_Madison,LDSD,0.05048634810057884,0.7063310018234678
http://dbpedia.org/resource/Leaving_Las_Vegas,http://dbpedia.org/resource/Bio-Dome,LDSD,0.02553782416590389,0.6768977697567025
http://dbpedia.org/resource/Leaving_Las_Vegas,http://dbpedia.org/resource/Bird_on_a_Wire_(film),LDSD,0.026255699009843703,0.6388491756305252
http://dbpedia.org/resource/Leaving_Las_Vegas,http://dbpedia.org/resource/Birdy_(film),LDSD,0.05169582279311469,0.7299947925029184
http://dbpedia.org/resource/Leaving_Las_Vegas,http://dbpedia.org/resource/Bitter_Moon,LDSD,0.11644545113502047,0.7354826694247617
http://dbpedia.org/resource/Leaving_Las_Vegas,http://dbpedia.org/resource/Bittersweet_Motel,LDSD,0,0.5541536707624544
http://dbpedia.org/resource/Leaving_Las_Vegas,http://dbpedia.org/resource/Black_Beauty_(1994_film),LDSD,0.026255699009843703,0.6301478245333315
http://dbpedia.org/resource/Leaving_Las_Vegas,http://dbpedia.org/resource/Black_Dog_(film),LDSD,0.02553782416590389,0.6739576838180823
http://dbpedia.org/resource/Leaving_Las_Vegas,http://dbpedia.org/resource/Black_Sheep_(1996_film),LDSD,0.0007559801240815123,0.6265151594930712
http://dbpedia.org/resource/Leaving_Las_Vegas,http://dbpedia.org/resource/Black_Tar_Heroin_(film),LDSD,0.02553782416590389,0.6245121258029753
http://dbpedia.org/resource/Leaving_Las_Vegas,http://dbpedia.org/resource/Black_and_White_(1999_drama_film),LDSD,0.05048634810057884,0.5376489564103095
http://dbpedia.org/resource/Leaving_Las_Vegas,http://dbpedia.org/resource/Blackbeard's_Ghost,LDSD,0.04980376845032375,0.6367215780030328
http://dbpedia.org/resource/Leaving_Las_Vegas,http://dbpedia.org/resource/Blackmail_(1929_film),LDSD,0.026255699009843703,0.6217203227753632
http://dbpedia.org/resource/Leaving_Las_Vegas,http://dbpedia.org/resource/Blade_(film),LDSD,0.026255699009843703,0.6627583227042833
http://dbpedia.org/resource/Leaving_Las_Vegas,http://dbpedia.org/resource/Blade_Runner,LDSD,0.02553782416590389,0.7284913343055525
http://dbpedia.org/resource/Leaving_Las_Vegas,http://dbpedia.org/resource/Blame_It_on_Rio,LDSD,0.05048634810057884,0.6748729673721574
http://dbpedia.org/resource/Leaving_Las_Vegas,http://dbpedia.org/resource/Blank_Check_(film),LDSD,0.0007559801240815123,0.5981297117174402
http://dbpedia.org/resource/Leaving_Las_Vegas,http://dbpedia.org/resource/Blast_from_the_Past_(film),LDSD,0.027755491222567485,0.693486274182857
http://dbpedia.org/resource/Leaving_Las_Vegas,http://dbpedia.org/resource/Blazing_Saddles,LDSD,0.026255699009843703,0.7032739244005737
http://dbpedia.org/resource/Leaving_Las_Vegas,http://dbpedia.org/resource/Bless_the_Child_(2003_film),LDSD,0,0.5591638593171404
http://dbpedia.org/resource/Leaving_Las_Vegas,http://dbpedia.org/resource/Blind_Date_(1987_film),LDSD,0.026255699009843703,0.677514877586719
http://dbpedia.org/resource/Leaving_Las_Vegas,http://dbpedia.org/resource/Blink_(film),LDSD,0.028470103524037893,0.6689704073143126
http://dbpedia.org/resource/Leaving_Las_Vegas,http://dbpedia.org/resource/Bliss_(1985_film),LDSD,0.02553782416590389,0.6355587044013822
http://dbpedia.org/resource/Leaving_Las_Vegas,"http://dbpedia.org/resource/Blood,_Guts,_Bullets_and_Octane",LDSD,0.04980376845032375,0.47880114674087815
http://dbpedia.org/resource/Leaving_Las_Vegas,http://dbpedia.org/resource/Blood_Beach,LDSD,0.05191248201789811,0.6365436249069838
http://dbpedia.org/resource/Leaving_Las_Vegas,http://dbpedia.org/resource/Blood_Diamond_(film),LDSD,0.026255699009843703,0.7622128017593058
http://dbpedia.org/resource/Leaving_Las_Vegas,http://dbpedia.org/resource/Blood_Feast_(1972_film),LDSD,0,0.5527173663783174
http://dbpedia.org/resource/Leaving_Las_Vegas,http://dbpedia.org/resource/Blood_Simple,LDSD,0.04980376845032375,0.7188882050784628
http://dbpedia.org/resource/Leaving_Las_Vegas,http://dbpedia.org/resource/Blood_for_Dracula,LDSD,0.026255699009843703,0.6258977467027385
http://dbpedia.org/resource/Leaving_Las_Vegas,http://dbpedia.org/resource/Bloodsport_(film),LDSD,0.026255699009843703,0.6575974797326829
http://dbpedia.org/resource/Leaving_Las_Vegas,http://dbpedia.org/resource/Bloodsport_II:_The_Next_Kumite,LDSD,0.02553782416590389,0.42965966236244146
http://dbpedia.org/resource/Leaving_Las_Vegas,http://dbpedia.org/resource/Blown_Away_(1994_film),LDSD,0.02553782416590389,0.6323679927530137
http://dbpedia.org/resource/Leaving_Las_Vegas,http://dbpedia.org/resource/Blowup,LDSD,0.02553782416590389,0.5560325915900834
http://dbpedia.org/resource/Leaving_Las_Vegas,http://dbpedia.org/resource/Blue_Chips,LDSD,0.026255699009843703,0.6315287211461967
http://dbpedia.org/resource/Leaving_Las_Vegas,http://dbpedia.org/resource/Blue_Collar_(film),LDSD,0.026255699009843703,0.6422386904341009
http://dbpedia.org/resource/Leaving_Las_Vegas,http://dbpedia.org/resource/Blue_Hawaii,LDSD,0.0007559801240815123,0.5998783747384915
http://dbpedia.org/resource/Leaving_Las_Vegas,http://dbpedia.org/resource/Blue_Juice,LDSD,0.04980376845032375,0.6375721497813376
http://dbpedia.org/resource/Leaving_Las_Vegas,http://dbpedia.org/resource/Blue_Lagoon:_The_Awakening,LDSD,0.04980376845032375,0.42764311775539987
http://dbpedia.org/resource/Leaving_Las_Vegas,http://dbpedia.org/resource/Blue_Sky_(film),LDSD,0.04980376845032375,0.7377136296652694
http://dbpedia.org/resource/Leaving_Las_Vegas,http://dbpedia.org/resource/Blue_Velvet_(film),LDSD,0.05048634810057884,0.7691570064351899
http://dbpedia.org/resource/Leaving_Las_Vegas,http://dbpedia.org/resource/Blue_in_the_Face,LDSD,0.04980376845032375,0.6634353144858554
